Date,THY,AKBANK,TURKCELL
3/01/2017,-0.018108587,-0.020592064,-0.020898649
4/01/2017,-0.01229507,-0.014454641,0.022411774
5/01/2017,0.029045614,0,0.010438592
6/01/2017,-0.004032254,0.020000047,0.019628014
9/01/2017,-0.012145737,0.001307187,0.025329275
10/01/2017,-0.01024594,-0.024804214,0.00988146
11/01/2017,-0.002070342,-0.005354743,-0.001956929
12/01/2017,0.031120252,0.056527658,0.01666654
13/01/2017,0.008048378,-0.006369493,0.010607581
16/01/2017,0.017964006,-0.008974265,-0.000954032
17/01/2017,0.013725524,0.012936587,-0.003820592
18/01/2017,0.009671124,0.006385607,0.002876577
19/01/2017,-0.013409904,-0.012690334,0.013384254
20/01/2017,0.007766983,0.017994906,0.0141509
23/01/2017,0.001926734,-0.010100992,0.011162622
24/01/2017,0.057692346,0.016581525,0.019319379
25/01/2017,-0.025454521,-0.013801733,-0.003610312
26/01/2017,0.020522323,0.021628539,0.00634061
27/01/2017,-0.021937823,-0.013698606,0.008101061
30/01/2017,0.046728973,0.053030286,0.01785697
31/01/2017,-0.010714276,0.007194305,-0.005263282
1/02/2017,0.01985562,0.005952297,-0.016754839
2/02/2017,0.005309687,0.024852172,0.014349878
3/02/2017,0,0.017320984,-0.005305048
6/02/2017,-0.014084494,-0.02043143,-0.007110926
7/02/2017,-0.00714285,0.005793874,-0.001790789
8/02/2017,0.034172673,0.014976931,0
9/02/2017,0,0.006810292,0.008071762
10/02/2017,-0.029565231,-0.027057452,0.014234977
13/02/2017,0.025089582,0.027809918,-0.019298236
14/02/2017,0.0034965,0.004509713,-0.007155744
15/02/2017,-0.017421587,-0.01459039,-0.009909846
16/02/2017,0.007092192,0.007972651,0.023657887
17/02/2017,0.005281727,0.01468924,0.02488877
20/02/2017,0.00175127,-0.004454335,0.01127503
21/02/2017,0,0.002237133,0.012007031
22/02/2017,-0.001748208,-0.018973114,0.00338991
23/02/2017,0.005253894,0.003412963,0.014358052
24/02/2017,-0.015679387,-0.005668924,-0.005828668
27/02/2017,-0.01946905,-0.003420816,-0.012562723
28/02/2017,-0.01444042,-0.005720814,0.007633599
1/03/2017,0.040293002,0.028768649,0.02693588
2/03/2017,0.005281727,0.007830101,0.013114847
3/03/2017,-0.001751354,-0.002219752,-0.001618161
6/03/2017,0,0.030033247,0.00891415
7/03/2017,-0.007017537,-0.014038853,-0.012048104
8/03/2017,-0.015901003,-0.021905767,-0.009756111
9/03/2017,-0.010771982,-0.015677464,-0.008210265
10/03/2017,0.018148802,0.009101096,0.000827779
13/03/2017,0.007130118,0.001127531,-0.003308597
14/03/2017,0.028318557,-0.013513558,0.004149641
15/03/2017,0.008605885,0.009132474,-0.00082663
16/03/2017,0.010238898,0.009049827,0.006617086
17/03/2017,-0.005067603,-0.001121143,0.0123253
20/03/2017,0.003395583,0.00448933,0.008116968
21/03/2017,-0.028764819,-0.010055916,-0.015297894
22/03/2017,-0.041811808,-0.00902933,-0.01226494
23/03/2017,-0.001818223,-0.006833632,0.001655778
24/03/2017,0.007286055,0.019495237,0
27/03/2017,0.001808273,-0.008998723,-0.006611725
28/03/2017,0.001805095,0.005675289,0.011647089
29/03/2017,-0.016216243,-0.00902933,-0.015624772
30/03/2017,0.001831456,-0.000584387,0.005847925
31/03/2017,0,-0.002339194,-0.005813925
3/04/2017,-0.01279702,-0.007034035,-0.003341656
4/04/2017,0.018518501,0.007083864,0.00335286
5/04/2017,-0.00363636,0.014067931,0.00250638
6/04/2017,-0.005474491,-0.005780309,-0.00750023
7/04/2017,-0.003669721,-0.004651188,0.005037902
10/04/2017,0.029465991,0.059579415,0.007519029
11/04/2017,-0.007155628,-0.004410036,0.001658084
12/04/2017,0.001801757,0.007751913,-0.011589458
13/04/2017,-0.019784197,-0.016483539,0.008375296
14/04/2017,0.005504626,0.015642409,-0.009136153
17/04/2017,0.009124122,0,-0.001676596
18/04/2017,0.003616633,0.018701841,-0.009235765
19/04/2017,-0.0072072,-0.01511868,0.005932062
20/04/2017,0.014519042,0.016447196,0.023588878
21/04/2017,0.014311256,0.004315083,0.00493817
24/04/2017,0.04409171,0.032223463,0.020475126
25/04/2017,0,0.009365171,0.022472121
26/04/2017,0.030405376,-0.014432885,-0.003924998
27/04/2017,-0.006557371,-0.012552368,-0.018124364
28/04/2017,0,0.007415294,-0.004012776
1/05/2017,0,0,0
2/05/2017,0.001650203,-0.008412243,-0.008863761
3/05/2017,0.006589779,-0.003181353,-0.001626162
4/05/2017,0.00490994,-0.013829862,-0.0732898
5/05/2017,-0.001628624,0.003236392,0.01581713
8/05/2017,0.048939594,-0.006451712,0.001730259
9/05/2017,0.001555246,0.015151534,0.00518124
10/05/2017,0.032608701,0.005330519,0.00171814
11/05/2017,-0.022556405,-0.019087994,-0.002572789
12/05/2017,0,-0.006486457,-0.003439462
15/05/2017,0.024615361,0.004352516,0.007765327
16/05/2017,0.009009001,0.007584006,-0.011130003
17/05/2017,0.007440505,0.00322576,-0.010389625
18/05/2017,-0.011816828,-0.008574474,-0.013998115
19/05/2017,0,0,0
22/05/2017,0.02391627,0.010810741,0.023069696
23/05/2017,0.033576646,0.017112393,0.003469293
24/05/2017,0.008474568,0.017875829,0.032843765
25/05/2017,0.021008417,-0.001032941,-0.011715645
26/05/2017,-0.001371708,-0.011375387,0.0110076
29/05/2017,0.004120842,0.007322153,-0.002512567
30/05/2017,-0.009575947,-0.013499492,0.009235988
31/05/2017,0,0.003157912,0.011647089
1/06/2017,-0.012430895,0,-0.001644667
2/06/2017,0.016783201,0.013641019,0.008237209
5/06/2017,0.02063275,-0.005175889,-0.015522865
6/06/2017,0.009433921,0.002081177,-0.001659571
7/06/2017,-0.009345754,-0.007268928,-0.014962505
8/06/2017,-0.0121294,-0.005230154,0.006750989
9/06/2017,0.008185531,0.010515241,0.009220392
12/06/2017,-0.001353146,0.018730528,0.005813815
13/06/2017,-0.009485118,0.001021456,0.009083562
14/06/2017,0.017783874,0.00612236,-0.014729972
15/06/2017,-0.010752678,-0.010141922,-0.016007585
16/06/2017,-0.012228281,-0.001024596,-0.002631427
19/06/2017,0.024759261,0.026666688,0.00967417
20/06/2017,-0.005369123,-0.003996025,-0.00087066
21/06/2017,0.005398106,0.001003134,-0.000871974
22/06/2017,0.020134242,0.008015955,0.007853504
23/06/2017,0.022368431,-0.011928375,0.005194614
26/06/2017,0,0,0
27/06/2017,0,0,0
28/06/2017,0.028314001,0.004024166,-0.00430653
29/06/2017,-0.022528139,-0.009018083,-0.000864965
30/06/2017,0.030729866,-0.009100149,0.002597472
3/07/2017,0.001242264,0.003061241,0.007771899
4/07/2017,0.035980142,0.01627667,-0.002570654
5/07/2017,-0.014371357,-0.013013083,0.00515445
6/07/2017,0.009720642,0.00709943,0.007692516
7/07/2017,0.008423549,-0.007049383,-0.01526737
10/07/2017,0.0346062,0.005071142,0.008613388
11/07/2017,-0.005767035,0.0343086,0.00426997
12/07/2017,-0.002320128,0.012682996,0.005101961
13/07/2017,0.018604633,-0.015414227,0.000845723
14/07/2017,0.007990833,0.015655545,0.005072097
17/07/2017,0.012457492,0.013487434,0.016820883
18/07/2017,-0.008948538,-0.013307944,0
19/07/2017,0.011286725,0.021194605,0.011579814
20/07/2017,-0.024553601,-0.013207506,0.004088314
21/07/2017,0.011441692,-0.003824112,-0.002442855
24/07/2017,0,-0.001919396,0.001632489
25/07/2017,-0.00565613,-0.002884631,0.030154833
26/07/2017,-0.011376608,0.005785952,0.008702464
27/07/2017,0.01035675,0.009587779,0.029803929
28/07/2017,-0.013667413,-0.011396072,-0.006092888
31/07/2017,0.019630494,0.0048031,-0.014559293
1/08/2017,-0.021517506,-0.013384393,-0.029548993
2/08/2017,0.002314757,0.006782982,-0.007211733
3/08/2017,0.001154761,-0.001924938,0.017756326
4/08/2017,0.023068029,0.018322067,0.000793043
7/08/2017,0.022547893,0.006628824,0.001584829
8/08/2017,-0.002205017,-0.001881478,0.004746661
9/08/2017,-0.014364653,-0.017907619,-0.001574445
10/08/2017,-0.008968601,-0.008637168,0.003154458
11/08/2017,0.01809953,-0.015488949,0.003144639
14/08/2017,0.055555556,0.029498567,0.013322944
15/08/2017,-0.023157923,-0.02387776,-0.015467926
16/08/2017,0.002155222,0,0.006284137
17/08/2017,0,-0.006849352,-0.001561124
18/08/2017,-0.004301071,-0.003940791,-0.009382284
21/08/2017,0.014038889,0.008902007,0.014996056
22/08/2017,0.018104374,0,0.010886466
23/08/2017,-0.01046029,0.00490187,0.02230751
24/08/2017,0.006342539,0.008780536,-0.007524275
25/08/2017,0.014705818,0.010638355,-0.009855927
28/08/2017,0.022774355,0.004784601,0.013782425
29/08/2017,-0.011133568,-0.003809431,0.004531748
30/08/2017,0,0,0
31/08/2017,-0.001023565,-0.011472337,-0.006766813
1/09/2017,0,0,0
4/09/2017,0,0,0
5/09/2017,-0.00512297,0,-0.008327249
6/09/2017,0.012358382,-0.007736986,-0.001526662
7/09/2017,0.021363178,-0.01072119,-0.007645175
8/09/2017,-0.014940201,-0.011822607,-0.002311212
11/09/2017,0.034378078,0.010967157,0.018532826
12/09/2017,0.023460482,0.004930758,0.014404854
13/09/2017,-0.042024883,-0.010794723,-0.02466377
14/09/2017,-0.010967065,0.011904707,-0.011494173
15/09/2017,-0.011088675,0.002941076,-0.012490897
18/09/2017,-0.055045865,-0.005865018,-0.014646082
19/09/2017,-0.006472537,-0.025565292,0.006606135
20/09/2017,0.011943502,-0.006054522,0.004101725
21/09/2017,-0.008583683,-0.014213334,-0.013071842
22/09/2017,0.015151553,0.022657117,0
25/09/2017,-0.065031946,-0.013091592,0.002483364
26/09/2017,0.026225716,0.01122455,-0.002477212
27/09/2017,-0.044444402,-0.057517723,0.001655711
28/09/2017,0.036046448,0.011777238,0.03140489
29/09/2017,-0.017957334,-0.005291034,0.016826774
2/10/2017,0.035428619,0.006383013,-0.014972196
3/10/2017,-0.013245125,-0.001057088,-0.013599986
4/10/2017,0.02684572,0.017989327,0.000810871
5/10/2017,-0.004357294,-0.010394882,0.032415127
6/10/2017,0.016411336,-0.006302555,0.00941904
9/10/2017,-0.092572622,-0.028541192,-0.010108888
10/10/2017,0.027283456,0.030467999,0.009426537
11/10/2017,0.021940016,-0.004224013,0.02568087
12/10/2017,0.031638387,0.027571667,0.027314071
13/10/2017,0.002190526,0.001031875,-0.002954175
16/10/2017,0.021858008,-0.007216412,0.006666725
17/10/2017,0.014973196,-0.002076854,0.03826343
18/10/2017,0.011591213,-0.002081115,0.005669584
19/10/2017,0.035416582,0.026068713,-0.006342291
20/10/2017,-0.006036164,-0.005081208,-0.002836933
23/10/2017,0,-0.027579188,-0.004267462
24/10/2017,0,-0.001050426,0.013571313
25/10/2017,0.016194316,0.031545786,-0.011275415
26/10/2017,-0.016932279,-0.018348661,-0.004276675
27/10/2017,0.023302989,-0.004153647,0.026485413
30/10/2017,0.010891055,0.011470157,-0.01115747
31/10/2017,0.01665035,0.031958876,-0.000705427
1/11/2017,0.012524096,0.03896101,0.052223091
2/11/2017,-0.004757392,-0.003846175,-0.0469483
3/11/2017,-0.002868043,-0.03667939,-0.014778367
6/11/2017,0.059443899,0.033066067,0.030714319
7/11/2017,-0.04253396,-0.025218253,-0.00346509
8/11/2017,-0.002835514,-0.021890545,-0.025730093
9/11/2017,-0.003791466,-0.019328749,0.004996328
10/11/2017,-0.047573738,0,-0.01633508
13/11/2017,-0.021978048,0.015560313,0.004332079
14/11/2017,0.066394241,0.011236015,0.017253747
15/11/2017,-0.032566974,-0.027272811,0.007067228
16/11/2017,0,-0.003115343,-0.000701875
17/11/2017,0.035643529,-0.004166565,0.002809042
20/11/2017,-0.018164396,-0.049163256,-0.007703206
21/11/2017,0.051606593,-0.003300283,0.016231589
22/11/2017,0.027777795,0.025386188,-0.010416587
23/11/2017,0.013513479,-0.032292646,0.010526234
24/11/2017,0.012444475,-0.013348302,0
27/11/2017,0.039508323,0.00338234,-0.01736112
28/11/2017,-0.05574323,-0.016853956,0.000706662
29/11/2017,0.064400652,0.018285677,0.036016918
30/11/2017,0.030252153,0.008978724,0.036809805
1/12/2017,0.019575837,-0.018909935,-0.009861858
4/12/2017,0.017600021,0.019274413,-0.010624208
5/12/2017,0.006289302,0.010011111,0.010738294
6/12/2017,-0.005468801,-0.020925223,-0.007968115
7/12/2017,0.045561736,0.00337473,0
8/12/2017,0.021036794,0.024663675,0.005354772
11/12/2017,-0.012509203,0.022975792,0.019973297
12/12/2017,0.035767477,0,-0.000652614
13/12/2017,-0.017985612,-0.006417147,0.012410163
14/12/2017,0.055677674,0.018299347,0
15/12/2017,-0.010409412,-0.01162797,-0.013655429
18/12/2017,0.025946696,0.009625721,0.02088919
19/12/2017,0.017771717,-0.007415294,-0.007920631
20/12/2017,0.017461334,0,-0.021956192
21/12/2017,0.019141912,0.003201725,0.02312932
22/12/2017,-0.018782381,-0.005319178,-0.001994719
25/12/2017,-0.009900965,0.004278098,-0.01265826
26/12/2017,0.007999992,0.002129937,0.022942038
27/12/2017,0.017195782,-0.001062705,-0.013852352
28/12/2017,0.022106642,0.035106384,0.024080415
29/12/2017,-0.001908441,0.012333119,0.011103729
1/01/2018,0,0,0
2/01/2018,0.024856619,0.024365491,0.006460099
3/01/2018,0.007462739,-0.014866165,-0.030808784
4/01/2018,0.005555565,-0.010060535,-0.019867537
5/01/2018,0.002455433,0.02134158,0.022297243
8/01/2018,-0.002449419,-0.010945214,0.003304651
9/01/2018,-0.011663629,-0.01307854,-0.023715402
10/01/2018,-0.052795053,-0.018348661,-0.016194403
11/01/2018,0.026885236,0.006230563,-0.005486884
12/01/2018,-0.010217104,0.011351908,-0.011724008
15/01/2018,-0.056129025,-0.022448978,-0.01186334
16/01/2018,0.059466841,0.027139771,0.014124285
17/01/2018,-0.003225819,0.026422908,0.04805007
18/01/2018,-0.005825253,0.004950404,0.046511762
19/01/2018,-0.024088535,-0.013793061,-0.02095233
22/01/2018,0.028018685,0.020979014,0.042152903
23/01/2018,0.013627517,0.011741629,0.049160009
24/01/2018,-0.007042232,0.041586183,-0.017200428
25/01/2018,-0.020631892,-0.01114212,-0.013880605
26/01/2018,0.014483231,0.04037558,0.006119947
29/01/2018,0.016223232,0,0.007299266
30/01/2018,0.002554276,-0.026173211,-0.037439664
31/01/2018,0.049681512,0.012048146,-0.020702661
1/02/2018,0.018203953,-0.031135588,-0.002562306
2/02/2018,-0.008939304,0.006616293,-0.007706971
5/02/2018,0.040889978,-0.004694861,-0.008414503
6/02/2018,-0.010398631,-0.010377302,-0.007180192
7/02/2018,-0.027437206,-0.008579645,-0.002629691
8/02/2018,-0.030612259,-0.024038476,0.028345439
9/02/2018,0.047058839,0.009852153,-0.03461559
12/02/2018,0.015966911,0.013658611,0.015936406
13/02/2018,-0.016298061,-0.004812345,0.001307111
14/02/2018,-0.023076887,-0.018375226,-0.020234937
15/02/2018,0.043004184,0.040394072,0.019320481
16/02/2018,0.00522649,0.000947087,0.000653633
19/02/2018,-0.007510062,-0.014191182,0.003918849
20/02/2018,-0.027939437,-0.018234263,-0.04944695
21/02/2018,0.056886156,0.02639299,0.030116343
22/02/2018,0.002266341,0.000952499,0.001328982
23/02/2018,0.03278688,0.00190296,0.008626524
26/02/2018,0.035577428,0.009496614,0.016447474
27/02/2018,-0.014799191,0.013170344,0.009061173
28/02/2018,0.019849831,-0.01114212,-0.020525891
1/03/2018,0.027354048,-0.011267554,-0.02423062
2/03/2018,-0.044034848,-0.009496727,-0.002013222
5/03/2018,0.003213683,-0.003835112,-0.008069934
6/03/2018,-0.078483681,0.014436922,0.012203301
7/03/2018,0.006373152,0.002846428,-0.002679168
8/03/2018,-0.025906778,-0.003784315,-0.006044281
9/03/2018,-0.011229346,-0.013295417,-0.002702782
12/03/2018,0.04781836,0.020211736,0.005420294
13/03/2018,0.025670213,-0.013207506,0.006738298
14/03/2018,0.024471665,-0.015296449,0.030120505
15/03/2018,-0.015743806,-0.012621312,0.011695977
16/03/2018,0.009376728,-0.006882909,-0.01284536
19/03/2018,-0.021857904,-0.023762502,-0.022120849
20/03/2018,0.053631341,0.020284086,0.001330512
21/03/2018,0.003711543,0.008946251,0.023255921
22/03/2018,-0.005810914,-0.006896472,-0.008441592
23/03/2018,-0.001062724,-0.016865051,-0.009168298
26/03/2018,0.021808503,-0.012109045,-0.004626685
27/03/2018,-0.011452333,-0.007150252,0.00199215
28/03/2018,-0.024749832,0.004291959,-0.021205847
29/03/2018,0.047516152,0.018162324,0.022342366
30/03/2018,-0.01030922,0.006295955,0.002648926
2/04/2018,-0.007812579,-0.012513008,0.000660462
3/04/2018,0.019422617,0.002111747,0.009240998
4/04/2018,-0.003604516,0.010537567,-0.003270148
5/04/2018,0.006201495,0.016684011,0.000656363
6/04/2018,0.009758631,-0.012307667,-0.03016399
9/04/2018,0.001525976,-0.012461092,-0.018255687
10/04/2018,-0.022854279,-0.032597349,-0.012396769
11/04/2018,-0.031185051,-0.021739087,-0.036262102
12/04/2018,-0.00214587,0.019999959,0.030390806
13/04/2018,-0.013978507,-0.001089291,-0.011236115
16/04/2018,0.044165728,0,0.003551262
17/04/2018,-0.048563986,-0.005452521,0.004953953
18/04/2018,0.044456718,0.039473665,0.017605665
19/04/2018,-0.007356873,-0.014767902,0.000692082
20/04/2018,-0.034409722,-0.014989384,-0.0055325
23/04/2018,0,0,0
24/04/2018,-0.037280719,0.015217485,-0.005563362
25/04/2018,-0.018223218,-0.038543939,-0.009790204
26/04/2018,-0.008700674,-0.023385285,0.002118685
27/04/2018,0.018139231,0.004560994,0
30/04/2018,-0.04022982,-0.040862702,-0.02114172
1/05/2018,0,0,0
2/05/2018,0.021556808,0.001183463,-0.021598174
3/05/2018,-0.01817113,-0.036642918,-0.022075128
4/05/2018,-0.014328345,0.022085772,-0.02934549
7/05/2018,0.005451251,-0.019207576,-0.024806005
8/05/2018,-0.03433733,-0.001224092,0.00079477
9/05/2018,0.028696136,0.020833326,0.041302789
10/05/2018,0.001212884,0.043217268,0.006102117
11/05/2018,-0.010902502,-0.020713422,-0.006823483
14/05/2018,0.026944307,0.005875395,0.011450422
15/05/2018,-0.004174102,-0.022196184,-0.018113109
16/05/2018,-0.010179645,0.00836315,-0.000768593
17/05/2018,-0.017543914,-0.00710899,0
18/05/2018,0.003694548,0.01670641,0.002307737
21/05/2018,0.03619633,-0.004694692,-0.002302423
22/05/2018,-0.008880972,0.009433807,0.000769184
23/05/2018,-0.007168395,-0.010514031,-0.01921593
24/05/2018,-0.05776179,0.00826448,0.018808765
25/05/2018,0.060025577,0.010538654,-0.020000079
28/05/2018,0.056024113,0.019698719,0.038461376
29/05/2018,-0.002281855,-0.023863556,-0.024943255
30/05/2018,-0.008576308,-0.022118796,-0.02403095
31/05/2018,-0.040369132,-0.038095364,-0.03653682
1/06/2018,-0.004807688,-0.042079057,-0.028854112
4/06/2018,-0.015096619,-0.003875924,0.009338007
5/06/2018,-0.019006712,-0.018158346,-0.01850313
6/06/2018,-0.045000017,-0.014531052,-0.003427692
7/06/2018,-0.007853396,0.025469157,0.008598551
8/06/2018,-0.110817963,-0.031372487,-0.005967652
11/06/2018,0.045252272,0.006747586,0.010291692
12/06/2018,-0.060326499,-0.009383321,-0.009337906
13/06/2018,-0.031722061,-0.010825572,-0.026563773
14/06/2018,0.003120122,-0.008207841,0.022006871
15/06/2018,0,0,0
18/06/2018,-0.024883336,-0.006896656,-0.013435372
19/06/2018,0.021531137,0.012500174,0.014323822
20/06/2018,-0.012490304,-0.001371857,0.023830708
21/06/2018,0.024505963,-0.002747247,0.008620571
22/06/2018,-0.008487628,0.01652905,-0.017948613
25/06/2018,-0.02256809,-0.043360498,0.014795453
26/06/2018,0.033439419,0.024079312,0.002572883
27/06/2018,0.060862939,0.035961358,0.042771611
28/06/2018,-0.006535959,-0.002670221,0.008203333
29/06/2018,-0.013888928,0.009370759,-0.011391277
2/07/2018,0.03558195,-0.003978734,-0.00823034
3/07/2018,-0.010737335,-0.014647145,0.009958446
4/07/2018,0.005788707,0.012162175,0.019720793
5/07/2018,0.032374156,0.016021252,0.025785279
6/07/2018,0.002787454,0,0.003927677
9/07/2018,0.044475287,0.009198367,0.0093898
10/07/2018,-0.048569498,-0.05729163,-0.059689723
11/07/2018,-0.053846185,-0.074585567,-0.070074378
12/07/2018,0.053954214,-0.013432766,-0.011524789
13/07/2018,0.030154232,-0.010590036,-0.004484244
16/07/2018,0.027910198,-0.006116282,-0.000900826
17/07/2018,0.052980081,0.024615423,0.00811537
18/07/2018,0.012578665,-0.006006079,0.029516922
19/07/2018,-0.001242264,-0.004531584,-0.004344191
20/07/2018,-0.000621905,0.00606979,0.027050894
23/07/2018,0.029869294,0.033182434,0.007646513
24/07/2018,-0.0356495,-0.046715316,-0.038786026
25/07/2018,0.070802012,0.073506915,0.024561601
26/07/2018,-0.038033915,-0.002853061,0.049657667
27/07/2018,0.013990239,0.011444898,0.008972086
30/07/2018,0.008398284,0.011315313,0.012934473
31/07/2018,0.027364724,0.009790231,0.028731247
1/08/2018,-0.00868556,-0.019390543,0.026376725
2/08/2018,-0.012266412,-0.046610196,-0.065759431
3/08/2018,0.028385544,0.0207407,0.005663616
6/08/2018,-0.022426648,-0.030478854,-0.015285816
7/08/2018,0.016470629,0.040419122,0.025326772
8/08/2018,0.003472191,0.027338198,-0.003983916
9/08/2018,0.002306748,-0.001400677,-0.007199956
10/08/2018,-0.018411951,-0.057503434,-0.01611628
13/08/2018,-0.029894504,-0.083333333,0.018018324
14/08/2018,0.037462288,0.004870166,-0.051488608
15/08/2018,-0.073383822,-0.063004854,-0.094147519
16/08/2018,-0.018227528,-0.02413798,-0.038389465
17/08/2018,-0.021766975,0.024735033,0.067185913
20/08/2018,0.047120437,0.024137783,0.00821163
21/08/2018,0,0,0
22/08/2018,0,0,0
23/08/2018,0,0,0
24/08/2018,0,0,0
27/08/2018,0.027500033,-0.011784441,0.021719539
28/08/2018,0.020681274,0.032368054,0.000885666
29/08/2018,-0.011323035,-0.013201387,-0.021238915
30/08/2018,0,0,0
31/08/2018,-0.018685923,-0.031772655,-0.037070689
3/09/2018,0.051597059,0.017271222,-0.007511657
4/09/2018,-0.010514036,-0.011884478,-0.015137239
5/09/2018,0.01829985,-0.02577329,-0.011527087
6/09/2018,-0.0052174,-0.00705466,0.009717925
7/09/2018,0.000582764,0.015985708,0.041385967
10/09/2018,-0.008153721,-0.026223776,-0.006469391
11/09/2018,0.052260678,0,-0.011162724
12/09/2018,0.004464281,-0.030520435,-0.019755508
13/09/2018,0.009444449,0.053703537,0.084452956
14/09/2018,-0.022564659,0.029877069,-0.00707957
17/09/2018,-0.001126152,-0.006825925,0.025418641
18/09/2018,0.023675315,0.003436419,0.004460227
19/09/2018,0.01376652,0.080479433,-0.011545196
20/09/2018,-0.017925037,-0.031695747,0.018867804
21/09/2018,0.023783203,0.034369956,0.022927897
24/09/2018,0.040518638,0.064873328,-0.005172422
25/09/2018,-0.020768412,-0.017830489,0.001733072
26/09/2018,0.019087948,0.004538525,-0.013840984
27/09/2018,-0.004162327,0.043674652,0.003508911
28/09/2018,0,-0.001442957,0.010489528
1/10/2018,-0.026123303,-0.037572259,-0.005190418
2/10/2018,-0.028969905,-0.022522605,0.010434899
3/10/2018,-0.018784538,-0.023041473,0
4/10/2018,-0.034346881,-0.075471549,-0.052495766
5/10/2018,0.024489801,0.025510004,-0.013623847
8/10/2018,0.013659634,0.059701566,-0.009208152
9/10/2018,-0.008983709,0.004694782,-0.009293625
10/10/2018,-0.053257822,-0.009345776,-0.000938283
11/10/2018,-0.016756361,0.004717017,-0.006572551
12/10/2018,0.054777821,0.03129902,0.005670872
15/10/2018,0.042700506,0.074354969,0.021616384
16/10/2018,-0.036524619,-0.012711799,0.011959735
17/10/2018,-0.049396934,0.050071549,0.007272705
18/10/2018,0.000604243,-0.020436041,-0.028880779
19/10/2018,-0.024758446,-0.0125174,0.023234115
22/10/2018,-0.028482975,-0.004225303,-0.017257154
23/10/2018,-0.012109598,-0.025459798,-0.022180872
24/10/2018,0.003870995,-0.005805421,0.043478042
25/10/2018,0.023136224,-0.01605832,0.048007245
26/10/2018,-0.025753759,-0.050445251,0.012964635
29/10/2018,0,0,0
30/10/2018,-0.056092835,0.037500105,-0.022184305
31/10/2018,-0.043032794,-0.022590444,-0.020069957
1/11/2018,0.043540303,0.078582411,0.060552372
2/11/2018,0.035567747,0.007142965,0.000839521
5/11/2018,0.009246987,0.049645409,0.004194749
6/11/2018,-0.03664918,-0.016216337,0
7/11/2018,0.059103252,0.015109978,-0.020885659
8/11/2018,-0.060295095,-0.012178711,-0.00597269
9/11/2018,0.035494913,-0.009588983,0
12/11/2018,-0.023731025,-0.024896215,-0.022317601
13/11/2018,0.047265347,0.018439719,0.00438984
14/11/2018,0.040618901,0.009749244,0.02622372
15/11/2018,0.003717557,-0.004137962,0.003407
16/11/2018,-0.014197561,0.019390701,0.00509358
19/11/2018,0.02442081,0.01494566,0.017736468
20/11/2018,-0.029951143,-0.029451229,-0.040663859
21/11/2018,0.033396329,0.008275767,0.016435899
22/11/2018,-0.007926778,0,0.021276616
23/11/2018,0.037492236,0.012312073,0.021666766
26/11/2018,0.008886347,0.016216182,0.028547908
27/11/2018,0.002348738,-0.006648885,0.010309192
28/11/2018,0.009373161,-0.005354817,0.00157001
29/11/2018,-0.015670369,0.010767215,0.009404405
30/11/2018,0.005306613,0.018641696,-0.023291878
3/12/2018,-0.041642177,-0.009150271,0.020667821
4/12/2018,-0.023255821,-0.034300722,-0.030373836
5/12/2018,0.025062692,-0.046448223,0.006425592
6/12/2018,0.001222405,-0.045845182,-0.019952043
7/12/2018,-0.013430972,0.033032965,0.00570032
10/12/2018,-0.002475186,-0.020348714,-0.012145906
11/12/2018,-0.006823859,-0.007418509,-0.004098291
12/12/2018,-0.047470345,-0.035874538,0.035390992
13/12/2018,0.005245897,-0.007751879,-0.007949169
14/12/2018,-0.028049596,-0.012499886,-0.013621743
17/12/2018,-0.010067089,0.014240522,-0.001008306
18/12/2018,0.046101716,0.03744133,0.003330474
19/12/2018,0.049902815,0.015037651,0.011618197
20/12/2018,0.008641937,0.004444393,-0.015586453
21/12/2018,0.00244792,0.011799471,-0.001666763
24/12/2018,-0.012820458,-0.001457681,0.023372537
25/12/2018,0.001236887,-0.01605832,0.009787863
26/12/2018,-0.001853038,0.008901889,-0.004846629
27/12/2018,0.004331664,0.005882425,-0.028408943
28/12/2018,-0.014787417,0.004385831,0.002506133
31/12/2018,0.006879338,0,0.019166672
1/01/2019,0,0,0
2/01/2019,-0.026086961,-0.04803472,-0.037612348
3/01/2019,-0.033801064,-0.012071424,0.011894678
4/01/2019,-0.003960361,0.057761728,-0.007556741
7/01/2019,-0.001988054,0.013651855,0.044839326
8/01/2019,0.001992014,-0.015151501,0.026720492
9/01/2019,-0.007952279,-0.025641058,0
10/01/2019,-0.000668018,0.00701749,-0.008675059
11/01/2019,0.006684517,0.024390356,0.013524256
14/01/2019,-0.00265604,0.018707401,0.005494564
15/01/2019,-0.027962721,0.003338995,0.04137382
16/01/2019,-0.013013735,0.08153074,0.026236912
17/01/2019,-0.013185259,0.020000015,0.010226632
18/01/2019,0.014767935,-0.012066346,0.028922385
21/01/2019,0.004850984,-0.016793894,-0.007027271
22/01/2019,-0.006896578,0.021739076,0.023354509
23/01/2019,0.018055572,-0.012158036,0.002766183
24/01/2019,0.004774877,-0.001538544,-0.006206875
25/01/2019,-0.002715544,0.006163432,0.00346986
28/01/2019,0.02518726,-0.003062801,-0.01106496
29/01/2019,0.008632082,0.050691247,0.031468576
30/01/2019,0.041474663,0.032163745,-0.007457609
31/01/2019,-0.024020235,0.004249311,-0.004781546
1/02/2019,-0.047279764,-0.028208802,-0.006177131
4/02/2019,0.015635591,-0.007256856,0.011049907
5/02/2019,-0.029451111,0.023391775,-0.015710536
6/02/2019,0.024827563,-0.031428505,0.001387852
7/02/2019,-0.012113012,-0.001475005,-0.00277178
8/02/2019,0.002043578,-0.002954151,0.007644025
11/02/2019,0.034670308,0.02814813,0.042758662
12/02/2019,-0.050591356,-0.023054718,-0.003968338
13/02/2019,-0.045674731,-0.025073786,-0.005311953
14/02/2019,0.027556209,0.015128587,-0.013351244
15/02/2019,-0.03175722,0.001490247,0.008119102
18/02/2019,-0.02915456,-0.010416569,-0.000671031
19/02/2019,0.000750768,-0.003007532,0.00335793
20/02/2019,0.007501904,-0.010558117,-0.000669383
21/02/2019,0.015636637,0.022865883,-0.066309438
22/02/2019,0.036656891,-0.008941845,-0.005738896
25/02/2019,-0.009193784,0.031578942,0.027417102
26/02/2019,0.025695907,0.001457661,-0.009831487
27/02/2019,-0.027139899,-0.014556036,0.00283673
28/02/2019,0.013590883,0.02067949,0.01414439
1/03/2019,-0.011997182,-0.033285103,-0.026499297
4/03/2019,-0.007142884,0.019461093,0.004298085
5/03/2019,0.028057579,-0.001468435,0.011412377
6/03/2019,-0.009797085,-0.011764759,-0.021156767
7/03/2019,-0.031095378,-0.031249925,0.002161429
8/03/2019,-0.039387306,-0.021505398,0.01725382
11/03/2019,-0.009870927,-0.007849252,0.01342748
12/03/2019,-0.001533704,0.025316415,0.002789408
13/03/2019,-0.014592974,0.023148177,0.004172473
14/03/2019,0.01558845,-0.012066346,-0.007617634
15/03/2019,-0.003069836,0.024427441,-0.032100494
18/03/2019,0.068514269,0.028315929,-0.030281181
19/03/2019,0.025936574,-0.008695621,-0.006691508
20/03/2019,-0.00140446,-0.023391847,-0.023951994
21/03/2019,-0.011954998,0.014970128,0.021472193
22/03/2019,-0.034163736,-0.04867264,-0.005255311
25/03/2019,0.030950633,-0.055813904,-0.014339454
26/03/2019,-0.034310189,-0.008210218,-0.006891247
27/03/2019,-0.056994852,-0.091059611,-0.120277621
28/03/2019,-0.011773911,0.083788731,0.078001912
29/03/2019,0.025416973,0.053781509,-0.008943337
1/04/2019,-0.001549148,-0.028708108,-0.018867931
2/04/2019,0.014740076,0.011494224,0.017558623
3/04/2019,0.013761491,-0.019480528,-0.00246513
4/04/2019,0.070889862,0.038079481,0.047775987
5/04/2019,0.018309876,0.052631583,-0.00235854
8/04/2019,-0.017980652,-0.025757618,-0.018912407
9/04/2019,0.009859179,-0.006220792,0.004016119
10/04/2019,-0.008368193,-0.014084494,0.002399962
11/04/2019,-0.004219439,0.004761849,-0.002394216
12/04/2019,-0.017655367,-0.020537141,-0.007200063
15/04/2019,0.002156703,-0.006451564,0.017727596
16/04/2019,0.030846508,0.022727296,0.013460183
17/04/2019,0.00069591,0.038095177,0.021093587
18/04/2019,-0.003477065,-0.035168132,-0.019892853
19/04/2019,-0.011165377,-0.009508759,-0.00234197
22/04/2019,-0.015525777,-0.020800016,-0.000782345
23/04/2019,0,0,0
24/04/2019,0.007168486,0.039215705,-0.013312615
25/04/2019,-0.022064087,-0.036163455,-0.012698359
26/04/2019,0.014556027,0.009787892,0.00723479
29/04/2019,0.019368757,-0.021001631,0.005586474
30/04/2019,0.007037325,0.011551207,-0.009523748
1/05/2019,0,0,0
2/05/2019,-0.018169128,-0.021207273,-0.024839765
3/05/2019,-0.009252677,-0.001666674,0.001643299
6/05/2019,-0.010057496,-0.010016659,-0.015586453
7/05/2019,-0.018867872,-0.015177052,-0.032500133
8/05/2019,-0.041420148,-0.00513701,0.00258432
9/05/2019,-0.037808624,-0.024096327,-0.020618893
10/05/2019,-0.027265449,-0.005291029,0.022807276
13/05/2019,0.014839267,-0.028368836,-0.024013784
14/05/2019,0.016246938,0.04014599,-0.006151304
15/05/2019,-0.031974466,0.012280758,0.002652576
16/05/2019,0.01073494,0.00173311,-0.001763576
17/05/2019,-0.0179738,0,-0.001766789
20/05/2019,0.005823602,-0.005190335,-0.007964574
21/05/2019,-0.032258093,-0.019130436,0.014272909
22/05/2019,-0.033333282,-0.021276605,0.004397695
23/05/2019,0.044208663,0.007246321,0.001751221
24/05/2019,0.012701068,0.032374073,-0.003496706
27/05/2019,-0.010033435,-0.019163681,-0.013157786
28/05/2019,0.022804012,0.021314397,0.011555636
29/05/2019,0.004128835,-0.003478277,0.011423531
30/05/2019,0.019736824,0.031413584,0.013900992
31/05/2019,0.006451607,0.008460275,-0.00599816
3/06/2019,-0.003205125,-0.00335572,0.038792866
4/06/2019,0,0,0
5/06/2019,0,0,0
6/06/2019,0,0,0
7/06/2019,0.045819989,0.069023552,0.063070618
10/06/2019,0.01844733,0.012598405,-0.010928991
11/06/2019,-0.02415092,0.001555293,-0.023678043
12/06/2019,0.001546752,-0.023291954,0.006467367
13/06/2019,-0.021621601,-0.028616826,-0.024899708
14/06/2019,0.003157061,-0.003273337,0.020593091
17/06/2019,0.025177002,0.022988449,0.000807239
18/06/2019,0.013814298,0.024077078,0.027249862
19/06/2019,-0.018925057,0.031347951,-0.011885769
20/06/2019,0.004629662,0.013677799,0
21/06/2019,-0.016897101,0.008995543,0.004811426
24/06/2019,0.007031262,0.02823178,0.030327382
25/06/2019,-0.010861159,-0.008670489,-0.01006991
26/06/2019,-0.021176506,-0.018950451,-0.013301928
27/06/2019,0.012019277,-0.005943563,0.006344156
28/06/2019,0.020585925,0.017937228,0.005516044
1/07/2019,0.021722244,0.070484541,0.052507917
2/07/2019,0.024297623,-0.00274343,-0.014147427
3/07/2019,-0.021497403,-0.013755153,-0.00453169
4/07/2019,0.016666687,-0.002789413,0.003793586
5/07/2019,-0.005961246,0.050349672,-0.028722592
8/07/2019,-0.031484263,-0.001331564,-0.017120645
9/07/2019,-0.051083579,-0.017333346,0.010292896
10/07/2019,0.00815656,0.024423382,0.02429486
11/07/2019,-0.006472486,-0.011920583,0.026013727
12/07/2019,-0.027687309,-0.022788241,-0.008202844
15/07/2019,0,0,0
16/07/2019,0.038525968,-0.01371735,0
17/07/2019,0.025000035,0.027816333,0.001503694
18/07/2019,0.027537402,0.024357285,0.002252278
19/07/2019,-0.007656997,-0.00396303,-0.004494515
22/07/2019,-0.016203707,-0.002652532,-0.005267013
23/07/2019,0.023529427,0.023936149,0.015885036
24/07/2019,-0.007662864,-0.00779218,0.008935239
25/07/2019,-0.023166038,-0.018324563,-0.022140309
26/07/2019,0.008695701,0.00933331,0.00377371
29/07/2019,0.000783717,0.017173,0.018796956
30/07/2019,-0.00234931,-0.018181774,-0.001476031
31/07/2019,-0.021193054,-0.001322693,-0.032520286
1/08/2019,-0.004009638,-0.011920583,-0.015278759
2/08/2019,-0.008856655,-0.024128664,-0.045772001
5/08/2019,0.014622205,-0.002747265,-0.005353203
6/08/2019,-0.008807018,0.023415949,0.02640284
7/08/2019,-0.030694678,-0.005383605,-0.034565855
8/08/2019,0.00333333,0.017591354,0.032472894
9/08/2019,0.009136184,0.01196814,-0.005645192
12/08/2019,0,0,0
13/08/2019,0,0,0
14/08/2019,0,0,0
15/08/2019,-0.030452666,-0.056504661,-0.01784277
16/08/2019,-0.030560243,-0.030640604,0.029727586
19/08/2019,-0.020140148,-0.021551751,0.005613503
20/08/2019,0.001787351,0.004405306,-0.019138811
21/08/2019,-0.007136478,-0.004385985,-0.02520334
22/08/2019,0.010781661,-0.008810541,0.045037667
23/08/2019,-0.004444461,0.03407401,0.008778941
26/08/2019,0.033928582,-0.010028629,-0.021360864
27/08/2019,-0.001727073,-0.005788738,-0.023443695
28/08/2019,-0.018166093,0.002911221,0.019039684
29/08/2019,-0.004405303,0.001451385,0.046303732
30/08/2019,0,0,0
2/09/2019,0.020353941,0.040579682,0.010093128
3/09/2019,-0.00086724,0.01392764,0.009992358
4/09/2019,-0.004340294,0.002747265,0.012937785
5/09/2019,0.037489045,-0.001369936,-0.004507983
6/09/2019,-0.018487338,-0.02194784,-0.021886924
9/09/2019,0.013698617,0.026648018,0.010030992
10/09/2019,0.027871615,0.00136606,0.006111498
11/09/2019,0.002465056,0.008185509,0.012148831
12/09/2019,-0.016393427,0.023004098,-0.006751585
13/09/2019,0.029166698,0.013227508,0.020392602
16/09/2019,-0.040485829,-0.020887695,-0.020725423
17/09/2019,0,-0.005333357,-0.018896436
18/09/2019,-0.007594949,0.018766775,-0.015408311
19/09/2019,-0.02465986,-0.026315779,-0.006259913
20/09/2019,-0.006102933,-0.006756787,-0.002361913
23/09/2019,0,0.00136055,0.011838894
24/09/2019,0.021929825,0.031250008,0.006240211
25/09/2019,0.007725335,0.011857697,0.022480588
26/09/2019,-0.013628607,0,-0.025776906
27/09/2019,0.045768544,0.075520856,0.010894831
30/09/2019,0.023947149,-0.01573851,0.005388874
1/10/2019,-0.049193522,-0.020910243,-0.025268106
2/10/2019,0.005089094,-0.010050236,0.018853072
3/10/2019,-0.00843885,-0.012690351,-0.013878221
4/10/2019,0.010212756,0.011568113,0.02032847
7/10/2019,0.01095199,-0.016518437,-0.006130314
8/10/2019,-0.010833343,0.002584054,0.010023173
9/10/2019,-0.016849184,-0.038659841,-0.003816791
10/10/2019,-0.00599826,-0.025469153,-0.045210761
11/10/2019,0.003448272,-0.005502088,0.018458934
14/10/2019,-0.063573944,-0.082987522,-0.038613042
15/10/2019,0.011926616,0.01508295,0
16/10/2019,-0.029918398,-0.008915345,-0.012294985
17/10/2019,0.037383232,0.031484328,-0.013278017
18/10/2019,0.0396396,0.055232521,0.042893267
21/10/2019,-0.006065831,-0.026170782,0.001202301
22/10/2019,0.007846569,0.001414364,0.012701652
23/10/2019,0.029411694,0.016949161,0.02755269
24/10/2019,-0.005882327,0,0.012618333
25/10/2019,0.006762462,-0.006944408,0.002336362
28/10/2019,-0.005877388,-0.006993039,0.004662081
30/10/2019,-0.016891876,-0.021126788,-0.005413895
31/10/2019,-0.001718252,-0.004316496,0.012829096
1/11/2019,-0.003442338,0.001445093,-0.013535158
4/11/2019,0.020725369,0.021644978,-0.007263796
5/11/2019,0.004230135,-0.004237238,0.03333323
6/11/2019,0.006739674,0.014184392,0.011014981
7/11/2019,0.058577391,0.02657341,0.024124429
8/11/2019,0.011067221,0.001362404,0.001519817
11/11/2019,0.014073519,-0.00136055,0.006828643
12/11/2019,0.028527361,0.019073589,0.009796456
13/11/2019,0.029984979,0.022727244,-0.018656765
14/11/2019,-0.010917003,-0.015686218,-0.008365116
15/11/2019,0.006622528,0.018592251,0.009202504
18/11/2019,0.040204622,0.014341592,0.017477272
19/11/2019,-0.007027367,0,0.007468249
20/11/2019,-0.012031145,-0.002570643,-0.007412887
21/11/2019,-0.014326634,0.002577268,-0.011949229
22/11/2019,-0.008720922,0.002570706,-0.010581964
25/11/2019,-0.013929658,-0.014102565,0.003819704
26/11/2019,0.020817824,0.014304292,0.002283039
27/11/2019,-0.010924954,-0.007692342,0.012148836
28/11/2019,0.016200314,0.010335964,0.029257317
29/11/2019,-0.010869607,-0.008951447,-0.010932928
2/12/2019,0.018315019,0.002580657,-0.009579957
3/12/2019,-0.020863307,-0.011583001,-0.007440542
4/12/2019,0.009551809,0.002604115,0.012743749
5/12/2019,0.003639024,0.009090951,0.024426328
6/12/2019,-0.0058013,-0.001286944,-0.002167642
9/12/2019,0.00510574,-0.009020659,-0.018102797
10/12/2019,-0.00580551,0.002600792,-0.0162243
11/12/2019,-0.006569354,-0.007782136,0.007496318
12/12/2019,0.03232921,0.031372564,0.011160774
13/12/2019,-0.016370142,0.013941699,0.006622476
16/12/2019,0.012301019,0.021250035,0.010233873
17/12/2019,-0.006433178,0.00856791,0.002537125
18/12/2019,-0.011510781,-0.012135918,-0.003639056
19/12/2019,0.002183456,-0.00368558,0.013148405
20/12/2019,0,0.003699214,-0.016582569
23/12/2019,0,0.00368552,0.003665586
24/12/2019,0.015976711,0.006119919,0.008035149
25/12/2019,0,0.001216491,0.00362316
26/12/2019,-0.00214437,0.004860408,0.006498218
27/12/2019,0,-0.004836899,-0.002869418
30/12/2019,0.024355312,0.003645277,-0.001438838
31/12/2019,0.0111888,-0.01694917,-0.007204701
2/01/2020,0.025587821,0.007389196,0.018868
3/01/2020,-0.037761259,-0.026894926,-0.012820558
6/01/2020,-0.049054011,-0.031406994,-0.012265564
7/01/2020,-0.002210739,0.010376118,0.015339769
8/01/2020,-0.002954207,0.021822823,-0.003597167
9/01/2020,0.056296313,0.069095484,0.061371878
10/01/2020,0.009116417,0.018801381,-0.018367342
13/01/2020,0.03057676,0.009227262,0.003464906
14/01/2020,-0.000674324,0.011428623,0.022608234
15/01/2020,-0.0067476,-0.002259897,-0.012253231
16/01/2020,0.021739109,-0.003397579,-0.000689149
17/01/2020,-0.001329754,0.001136424,-0.011034472
20/01/2020,0.003994638,0.009080631,0.01115759
21/01/2020,-0.015251959,0.002249619,0.027586146
22/01/2020,-0.006060616,-0.023568966,-0.011409424
23/01/2020,-0.033875338,0.011494192,-0.002715493
24/01/2020,0.019635325,-0.005681789,-0.017699073
27/01/2020,-0.030261319,-0.024000053,-0.024255049
28/01/2020,0.004255281,-0.00936761,-0.008522773
29/01/2020,-0.003531087,-0.021276692,0.018624743
30/01/2020,-0.02267893,0.01690829,-0.003516229
31/01/2020,-0.00652648,-0.009501115,-0.00141144
3/02/2020,0.00948906,-0.002398209,0.004947059
4/02/2020,0.036876373,0.03605774,0.02180022
5/02/2020,0.018828417,0.004640392,-0.00481761
6/02/2020,0.008213545,-0.002309479,-0.003457798
7/02/2020,-0.018329906,-0.02777779,-0.003469796
10/02/2020,-0.03042874,-0.015476086,-0.020195059
11/02/2020,0.019258167,0.010882579,0.018479134
12/02/2020,0.037088855,-0.027511912,0.023726433
13/02/2020,0.012820549,0.001230018,-0.000681701
14/02/2020,-0.007994662,-0.004913967,-0.013642569
17/02/2020,0.026863641,0,0.006915597
18/02/2020,-0.018966642,-0.003703781,0.00343405
19/02/2020,-0.004666646,-0.017348221,0.008213528
20/02/2020,-0.036168784,-0.03278685,-0.011541033
21/02/2020,0.00694923,0.001303787,-0.004807684
24/02/2020,-0.043478269,-0.020833364,-0.024154546
25/02/2020,-0.025974002,-0.005319108,0.03111735
26/02/2020,-0.018518519,0.014705883,-0.017146696
27/02/2020,-0.07396223,-0.044795793,-0.013956808
28/02/2020,-0.038304829,-0.068965492,-0.037508799
2/03/2020,0.004237304,0.019259273,0.021323532
3/03/2020,0.019409243,0.039244149,0.017998547
4/03/2020,-0.026490041,0.040559418,0.038189524
5/03/2020,-0.004251717,0.004032211,0.019754771
6/03/2020,-0.049530309,-0.020080217,-0.027388155
9/03/2020,-0.067385444,-0.050546541,-0.055631926
10/03/2020,-0.039499021,-0.011510774,-0.027636294
11/03/2020,0,0,0
12/03/2020,-0.149448414,-0.081513773,-0.015706853
13/03/2020,0.07311331,0.019017363,-0.019756716
16/03/2020,-0.095604484,-0.052877075,-0.051162828
17/03/2020,-0.037667009,-0.003284087,0.036681489
18/03/2020,0.00252525,-0.026359182,-0.011137509
19/03/2020,-0.001259475,-0.038917101,-0.030571244
20/03/2020,0.006305194,-0.019366113,0.051452256
23/03/2020,-0.030075219,-0.028725355,0.071823175
24/03/2020,0.073643497,0.060998066,-0.011045615
25/03/2020,0.051744805,-0.027874522,-0.019359645
26/03/2020,0.059496621,0.025089632,0.015185972
27/03/2020,-0.041036728,-0.031468503,-0.059835458
30/03/2020,-0.021396456,-0.007220249,-0.01193313
31/03/2020,0.041427,0.021818192,-0.011272181
1/04/2020,-0.007734878,-0.03024916,-0.007329045
2/04/2020,0,-0.001834781,0.022149387
3/04/2020,-0.005567844,-0.007352974,0.000802646
6/04/2020,0.026875673,0.031481533,0.017642275
7/04/2020,0.039258414,0.00359068,0.000788019
8/04/2020,0.003148026,0.008944496,0.030708705
9/04/2020,0.019874432,0.063829728,0.007639391
10/04/2020,0.005128225,0.018333417,-0.009855915
13/04/2020,0.040816287,-0.014730017,-0.000765694
14/04/2020,0.071568677,0.003322274,0.01226049
15/04/2020,-0.050320236,-0.056291403,-0.016654064
16/04/2020,-0.020231217,-0.005263096,0.001539717
17/04/2020,0.03244837,0.021163944,0.025365085
20/04/2020,0.013333366,0,0.001499245
21/04/2020,-0.016917321,-0.018998275,-0.011227578
22/04/2020,-0.006692131,0.001760571,0.028766131
24/04/2020,-0.010587161,0.0087873,0.001471665
27/04/2020,0.052529181,0.052264878,0.019103602
28/04/2020,-0.014787417,-0.019867559,0.004325867
29/04/2020,-0.004690449,0.011824295,-0.003589434
30/04/2020,0.005655082,-0.016694486,0.000720531
4/05/2020,-0.013120932,-0.027164644,-0.028077793
5/05/2020,0,-0.001745209,-0.005185166
6/05/2020,0.001899379,-0.003496519,-0.008190587
7/05/2020,0.006635042,-0.003508788,-0.007507554
8/05/2020,-0.001883192,-0.019366113,0.008320695
11/05/2020,0.001886746,0,0.003000739
12/05/2020,0.002824834,0.007181273,0.016454839
13/05/2020,0,-0.005347618,0.009565821
14/05/2020,-0.010328607,-0.026881755,-0.026967903
15/05/2020,0.004743851,0,0.002247183
18/05/2020,0.022662868,0.009208145,0.023916278
20/05/2020,0.003693441,0.005474567,0.013868635
21/05/2020,0.020239215,-0.001814979,0.010079156
22/05/2020,0.010820549,0.001818279,0.010691407
27/05/2020,0.099910783,0.016333833,-0.019040902
28/05/2020,0.026763984,0.010714247,-0.002156786
29/05/2020,-0.014218034,0.003533585,-0.008645501
1/06/2020,0.024038478,0.021126857,0.021075576
2/06/2020,-0.01251955,-0.00172423,-0.004270447
3/06/2020,-0.007131549,0.010362742,0.007862801
4/06/2020,0.007182774,-0.005128145,0.005673737
5/06/2020,0.009508707,0.017182039,0.028913926
8/06/2020,-0.007849249,-0.006756705,-0.014393435
9/06/2020,-0.000791157,-0.005102064,-0.008344893
10/06/2020,0.002375276,0.001709409,-0.001402519
11/06/2020,-0.012638219,-0.010238871,0.002808978
12/06/2020,0.018399963,0.003448291,-0.00280111
15/06/2020,-0.01178316,-0.010309324,0.014044891
16/06/2020,0.001589862,0.015624985,0.023545759
17/06/2020,-0.011111138,-0.003418819,0.001353175
18/06/2020,0.004815443,0,0.0966216
19/06/2020,0.001597404,0.025729021,0.04189775
22/06/2020,0.006379579,0.030100306,-0.02779416
23/06/2020,-0.005546727,-0.004870073,0.017031505
24/06/2020,-0.012748992,-0.026101259,0.001794312
25/06/2020,0,-0.011725183,-0.008955191
26/06/2020,0.006456814,0,-0.00240975
29/06/2020,0,0.035593214,-0.003019192
30/06/2020,0.005613448,0,0.003028335
1/07/2020,-0.020733671,-0.026186617,-0.026569891
2/07/2020,-0.001628624,0.006722637,0.00496276
3/07/2020,-0.027732475,-0.015024947,-0.011728413
6/07/2020,-0.001677891,0.033898208,0.014990575
7/07/2020,-0.021848679,-0.013114734,0.00799997
8/07/2020,-0.027491464,-0.01661129,-0.000610376
9/07/2020,0.014134263,-0.020270197,-0.03298723
10/07/2020,0.027003522,-0.012069019,0.016424512
13/07/2020,0.016115316,0.020942418,0.017402173
14/07/2020,-0.01335558,-0.010256457,-0.014050161
16/07/2020,0.010998318,0.010362742,0.00371752
17/07/2020,-0.002510438,-0.005128145,0
20/07/2020,-0.005033592,-0.001718305,0.001234501
21/07/2020,-0.012647523,0.001721262,0.012330472
22/07/2020,0,-0.003436441,-0.017052373
23/07/2020,0.009393651,0.001724061,0.001858729
24/07/2020,-0.007614226,-0.006884629,-0.008039488
27/07/2020,-0.011082623,-0.00866555,-0.002493819
28/07/2020,-0.044827624,-0.038461542,-0.050000063
29/07/2020,-0.022563177,-0.032727243,-0.012499888
30/07/2020,-0.012927086,-0.015037662,-0.009993433
4/08/2020,0.028999105,-0.03244271,-0.003364725
5/08/2020,-0.013636329,-0.009861881,0.015530057
6/08/2020,-0.058064525,-0.059761029,-0.027260603
7/08/2020,0.047945182,0.008474615,0.014354081
10/08/2020,-0.014939295,-0.00210085,0.004043044
11/08/2020,0.100473881,0.06947369,0.016778529
12/08/2020,-0.008613215,-0.001968513,0.016501655
13/08/2020,-0.028670714,-0.009861881,0.005844134
14/08/2020,-0.004472289,-0.017928367,-0.043899257
17/08/2020,-0.015274041,0.014198848,-0.000675217
18/08/2020,0.010948895,0.007999938,0.006081058
19/08/2020,0.017148063,0.023809535,0.023505689
20/08/2020,-0.006211237,-0.013565858,0.009186449
21/08/2020,-0.011607153,-0.005893936,-0.022756871
24/08/2020,0.000903363,-0.011857665,-0.017298738
25/08/2020,0.008122758,-0.022000099,-0.018280298
26/08/2020,-0.012533603,0.014314994,-0.004827568
27/08/2020,0.006346387,0.014112967,0.010394971
28/08/2020,-0.009909965,-0.005964241,-0.001371737
31/08/2020,-0.035486751,-0.019999992,-0.016483524
1/09/2020,0.005660327,0.008163202,-0.002094894
2/09/2020,-0.013133151,-0.002024301,0.013995748
3/09/2020,-0.014258609,-0.008113627,-0.002070386
4/09/2020,0.012536173,0.004089998,0.02213
7/09/2020,0.025714329,0.006110008,0.007442462
8/09/2020,0.000928438,-0.008097104,-0.025520456
9/09/2020,0.005565902,0,-0.005513418
10/09/2020,-0.007380067,0.008163202,0.000692929
11/09/2020,0.014869874,-0.004048502,-0.006925182
14/09/2020,-0.001831544,-0.004065059,-0.004881363
15/09/2020,-0.015596338,-0.004081651,0.005606146
16/09/2020,-0.009319612,0.002049089,-0.002787446
17/09/2020,0.002822176,-0.006134898,0.002096358
18/09/2020,-0.002814234,-0.002057622,0.006973475
21/09/2020,-0.027281276,-0.024742279,0.018005613
22/09/2020,0.021276621,0,0.02789112
23/09/2020,-0.002840974,0.010570873,0.027796125
24/09/2020,-0.001899288,0.054393243,-0.005151301
25/09/2020,-0.001902993,0.015872991,-0.013592248
28/09/2020,-0.011439455,-0.019531149,-0.01706037
29/09/2020,-0.001928593,-0.00597622,0.000667621
30/09/2020,0.012560305,0.032064276,0.012675069
1/10/2020,0.008587801,0.003883418,0.008563934
2/10/2020,0.006622578,-0.001934245,-0.001959496
5/10/2020,0.003759395,0.003875987,0.030104665
6/10/2020,-0.004681666,-0.007722043,-0.004447188
7/10/2020,0.000940755,-0.013618644,0.007657916
8/10/2020,0.004699176,-0.001972396,-0.004433169
9/10/2020,0.007483712,0.017786642,0.017175508
12/10/2020,0.00278549,0.00776693,0.028768124
13/10/2020,-0.016666695,-0.005780373,-0.004863264
14/10/2020,0.003766475,0,0.030543745
15/10/2020,-0.014071259,-0.011627865,-0.021339752
16/10/2020,0.005708798,0.019607836,0.020593563
19/10/2020,0.005676483,0.04038461,0.024925842
20/10/2020,-0.005644442,-0.001848437,-0.010422775
21/10/2020,-0.008514679,0.00370372,-0.025746072
22/10/2020,-0.009541931,-0.051660569,-0.016816695
23/10/2020,-0.000963413,-0.013618644,-0.003054479
26/10/2020,-0.055930562,-0.039447718,-0.042892122
27/10/2020,-0.034729331,0.018480476,-0.007042227
28/10/2020,-0.030687827,-0.014112967,-0.03675054
30/10/2020,-0.015283776,-0.022494791,-0.018741564
2/11/2020,0.044345853,0.006276077,0.025920844
3/11/2020,0.009554156,0.047817063,0.017952127
4/11/2020,0.029442663,-0.005952311,-0.001959496
5/11/2020,-0.008171596,0,0.031413626
6/11/2020,0,0,0.017766558
9/11/2020,0.09989704,0.073852237,0.013715658
10/11/2020,0.075842644,0.05018592,-0.05350558
11/11/2020,0.02698002,0.10088489,0.029239788
12/11/2020,-0.007627131,0.006430976,0.005050486
13/11/2020,-0.017079403,0.007987178,0.019472352
16/11/2020,0.025195478,0.001584793,-0.009858312
17/11/2020,-0.029661049,-0.050632984,-0.025513347
18/11/2020,0.022707444,0.045000042,0.012771345
19/11/2020,0.000853991,0.035087644,0.011349454
20/11/2020,0.01706483,0.006163432,0.003740634
23/11/2020,-0.014261751,-0.042879063,-0.015527954
24/11/2020,0.006808504,0.006400029,-0.005678275
25/11/2020,0.011834349,0.001589832,-0.003807156
26/11/2020,0.017543862,0.022222245,0.010191045
27/11/2020,-0.017241382,-0.010869614,-0.009457658
30/11/2020,-0.044277416,-0.045525879,-0.039833076
1/12/2020,0.090909091,0.037828957,0.036659934
2/12/2020,-0.015224326,-0.011093552,-0.005239065
3/12/2020,-0.008136728,0,0.02699148
4/12/2020,-0.000820285,-0.009615428,0.004487154
7/12/2020,0.00903117,-0.021035537,-0.017230402
8/12/2020,-0.004882052,0.0016529,0.006493533
9/12/2020,0.004906003,0.026402598,-0.003871009
10/12/2020,-0.006509351,0.008038622,-0.002590659
11/12/2020,0.00737102,0.004784711,-0.002597388
14/12/2020,0.02113823,0.011111084,0.016927114
15/12/2020,0.007165541,0,-0.005761873
16/12/2020,0.007114637,-0.003139732,0.021893111
17/12/2020,0.022762949,0.007874052,-0.003780697
18/12/2020,-0.002302359,0.010937473,0.023402899
21/12/2020,-0.0630769,-0.02318388,-0.038936917
22/12/2020,0.02134641,0.026898623,0.009003163
23/12/2020,0,-0.003081603,0.000637345
24/12/2020,0.027331203,0.013910343,0.006369453
25/12/2020,-0.001564906,-0.006097514,0.013291125
28/12/2020,-0.010188097,0.004601248,0.001873879
29/12/2020,0.020585925,0.010686996,-0.005611001
30/12/2020,0.002327365,0.043806622,0.017554819
31/12/2020,0.007739968,0.014471846,-0.005545315
4/01/2021,-0.026113682,0.01283872,0.017967861
5/01/2021,-0.007886465,-0.012675976,0.006086392
6/01/2021,0.007949156,0.048502077,0.019963765
7/01/2021,0,0.02448984,-0.004151873
8/01/2021,0.012618284,-0.001328092,0.004169183
11/01/2021,-0.010903453,-0.027925529,-0.00296564
12/01/2021,0.011811069,-0.004103919,-0.006543744
13/01/2021,0.031906602,-0.004120898,0.026946129
14/01/2021,-0.00150833,-0.017931048,-0.016909581
15/01/2021,0.003021145,-0.028089878,-0.014827967
18/01/2021,-0.003012045,0.010115582,0.007826506
19/01/2021,0.018882176,0.004291865,0.013739526
20/01/2021,-0.017049633,-0.014245009,-0.012374766
21/01/2021,-0.017345437,0,-0.011336509
22/01/2021,-0.007674553,-0.028901794,-0.001810431
25/01/2021,-0.017788128,-0.023809487,0.00906893
26/01/2021,-0.005511787,0.007621986,-0.008987424
27/01/2021,-0.053840087,-0.040847164,-0.008464398
28/01/2021,0.031799173,0.026813846,0
29/01/2021,-0.017842682,-0.019969293,-0.028048799
1/02/2021,-0.008257591,0.017241304,0.008155598
2/02/2021,0.004163213,0.00924511,0.014312362
3/02/2021,0.00746262,0.033587713,0.017177996
4/02/2021,0.004115242,-0.013293932,0.009046933
5/02/2021,-0.003278685,-0.010479016,-0.000597667
8/02/2021,-0.000822387,0.009077123,-0.011961654
9/02/2021,0.001646128,0.023988042,0.018159701
10/02/2021,0.003286768,-0.001464135,-0.005350801
11/02/2021,-0.004914039,-0.017595316,-0.010759054
12/02/2021,-0.012345648,-0.008955264,0.007250832
15/02/2021,0.033333302,0.009036186,0.027594321
16/02/2021,-0.017741881,-0.028358191,-0.015761675
17/02/2021,0.001641995,-0.015361052,-0.013048676
18/02/2021,0.005737758,-0.014040473,-0.004206765
19/02/2021,0.002444966,0.01898735,0.030778516
22/02/2021,0.027642288,-0.021739152,-0.03044502
23/02/2021,0.030063299,-0.009523852,-0.027777679
24/02/2021,-0.014592974,-0.036858907,-0.027950332
25/02/2021,0.043647734,0.028286072,0.0153355
26/02/2021,0.007468217,-0.019417407,-0.002517292
1/03/2021,0.022980017,0.039603978,0.017034725
2/03/2021,0.073188421,0,-0.001240748
3/03/2021,0.007427391,-0.011111161,0.003726687
4/03/2021,-0.013404813,0.019261646,-0.002475173
5/03/2021,0.004076051,-0.004724354,0.007444065
8/03/2021,-0.008795678,-0.031645634,0.0055419
9/03/2021,0.025256031,0.001634074,0.009185495
10/03/2021,-0.007989403,0.011419141,0.013349557
11/03/2021,-0.010067089,-0.016129027,-0.008982043
12/03/2021,-0.016949153,0.004918135,0.001208452
15/03/2021,0.013103419,-0.013050629,0.002414105
16/03/2021,0.003403689,0.0066116,0.006622419
17/03/2021,-0.012890067,-0.016420435,-0.015550267
18/03/2021,-0.04192444,0.018363942,-0.015188368
19/03/2021,-0.010760375,-0.029508171,-0.022208387
22/03/2021,-0.099347345,-0.099662119,-0.099684581
23/03/2021,-0.016908216,-0.099437137,0.043447817
24/03/2021,0.065520081,0.022916566,0.017461348
25/03/2021,-0.026133755,-0.012219916,-0.011221122
26/03/2021,-0.000789284,-0.002029804,-0.013351123
29/03/2021,-0.014218034,0.00847467,-0.005412755
30/03/2021,0.018429528,-0.008403453,0.014285699
31/03/2021,0.003147125,-0.006355876,0.004024188
1/04/2021,0.019607843,0.042643882,0.020708029
2/04/2021,-0.006923089,0,-0.009816698
5/04/2021,0.011618945,0,0.002643739
6/04/2021,-0.022970917,-0.014314866,0.028345449
7/04/2021,0.007053303,0.006224011,-0.02692311
8/04/2021,-0.024902773,-0.01030922,0.010540188
9/04/2021,-0.047087004,-0.008333325,-0.014341572
12/04/2021,0.00251262,-0.01260513,-0.023148144
13/04/2021,-0.003341684,0.012766047,-0.004739375
14/04/2021,0,0.037815088,0.014285699
15/04/2021,-0.002514726,0.022267233,0.009389749
16/04/2021,-0.021008404,-0.015841663,0.001993344
19/04/2021,-0.00429178,-0.034205152,-0.006631326
20/04/2021,-0.037931079,0.01666665,-0.012016018
21/04/2021,-0.023297512,0,-0.008783799
22/04/2021,0.033945032,-0.002049227,0.022494892
26/04/2021,0.040816244,0.006160207,0.011999996
27/04/2021,0.017050364,-0.01020412,0.004611369
28/04/2021,0.006705777,0,0
29/04/2021,-0.002497976,0.00618561,0.017704944
30/04/2021,0.020868114,0,-0.019051529
3/05/2021,0.056418688,0.022540913,0.002021545
4/05/2021,-0.023219829,-0.010019983,-0.004707444
5/05/2021,-0.001584747,0,-0.000675691
6/05/2021,0.026190469,0.012145737,-0.001352232
7/05/2021,0.00464033,0.030000019,0.027081896
10/05/2021,0.029253281,0.001941699,0.005932772
11/05/2021,-0.001495849,-0.023255792,-0.002621229
12/05/2021,0.002996252,-0.001984078,-0.001314091
17/05/2021,-0.002240529,0.021868718,0.030263161
18/05/2021,-0.000748449,0.011673141,-0.005108552
20/05/2021,0.01722843,0.019230843,0.000641863
21/05/2021,-0.006627404,-0.011320833,0
24/05/2021,-0.001482543,-0.00572514,0.010904431
25/05/2021,-0.042316306,-0.021113269,-0.019670077
26/05/2021,0.011627952,0.025490219,0.027184471
27/05/2021,0,-0.013384354,-0.01071204
28/05/2021,-0.005364034,0.005813994,0.005095537
31/05/2021,0.026194158,0.001926734,0.003802308
